<?xml version="1.0" encoding="UTF-8"?>
<project-private xmlns="http://www.netbeans.org/ns/project-private/1">
    <editor-bookmarks xmlns="http://www.netbeans.org/ns/editor-bookmarks/2" lastBookmarkId="0"/>
    <open-files xmlns="http://www.netbeans.org/ns/projectui-open-files/2">
        <group>
            <file>file:/C:/Users/0030482313013/Documents/NetBeansProjects/prjExemploGenerEspecComPolimorfismo/src/fatec/poo/model/FuncionarioMensalista.java</file>
            <file>file:/C:/Users/0030482313013/Documents/NetBeansProjects/prjExemploGenerEspecComPolimorfismo/src/fatec/poo/model/FuncionarioHorista.java</file>
            <file>file:/C:/Users/0030482313013/Documents/NetBeansProjects/prjExemploGenerEspecComPolimorfismo/src/Aplic.java</file>
            <file>file:/C:/Users/0030482313013/Documents/NetBeansProjects/prjExemploGenerEspecComPolimorfismo/src/fatec/poo/model/Funcionario.java</file>
        </group>
    </open-files>
</project-private>
