<?xml version="1.0" encoding="UTF-8"?>
<project-private xmlns="http://www.netbeans.org/ns/project-private/1">
    <editor-bookmarks xmlns="http://www.netbeans.org/ns/editor-bookmarks/2" lastBookmarkId="0"/>
    <open-files xmlns="http://www.netbeans.org/ns/projectui-open-files/2">
        <group>
            <file>file:/home/matheusvandowski/Downloads/prjExemplo_OO_GUI_BD/src/fatec/poo/control/DaoCliente.java</file>
            <file>file:/home/matheusvandowski/Downloads/prjExemplo_OO_GUI_BD/src/fatec/poo/model/Aluno.java</file>
            <file>file:/home/matheusvandowski/Downloads/prjExemplo_OO_GUI_BD/src/fatec/poo/model/Cliente.java</file>
            <file>file:/home/matheusvandowski/Downloads/prjExemplo_OO_GUI_BD/src/fatec/poo/view/GuiCliente.java</file>
            <file>file:/home/matheusvandowski/Downloads/prjExemplo_OO_GUI_BD/src/fatec/poo/view/GuiAluno.java</file>
        </group>
    </open-files>
</project-private>
