<?xml version="1.0" encoding="UTF-8"?>
<project-private xmlns="http://www.netbeans.org/ns/project-private/1">
    <editor-bookmarks xmlns="http://www.netbeans.org/ns/editor-bookmarks/2" lastBookmarkId="0"/>
    <open-files xmlns="http://www.netbeans.org/ns/projectui-open-files/2">
        <group>
            <file>file:/C:/Users/0030482313013/Downloads/prjPOOMatheusAlvesMuriloIsmirim/src/fatec/poo/control/PreparaConexao.java</file>
            <file>file:/C:/Users/0030482313013/Downloads/prjPOOMatheusAlvesMuriloIsmirim/src/fatec/poo/control/DaoVendedor.java</file>
            <file>file:/C:/Users/0030482313013/Downloads/prjPOOMatheusAlvesMuriloIsmirim/src/fatec/poo/control/DaoCliente.java</file>
            <file>file:/C:/Users/0030482313013/Downloads/prjPOOMatheusAlvesMuriloIsmirim/src/fatec/poo/model/Vendedor.java</file>
            <file>file:/C:/Users/0030482313013/Downloads/prjPOOMatheusAlvesMuriloIsmirim/src/fatec/poo/control/DaoPedido.java</file>
            <file>file:/C:/Users/0030482313013/Downloads/prjPOOMatheusAlvesMuriloIsmirim/src/fatec/poo/model/Pessoa.java</file>
            <file>file:/C:/Users/0030482313013/Downloads/prjPOOMatheusAlvesMuriloIsmirim/src/fatec/poo/view/GuiCliente.java</file>
        </group>
    </open-files>
</project-private>
